{
  "1": {
    "precision": 0.125,
    "recall": 0.125,
    "ndcg": 0.125,
    "map": 0.125,
    "hit_rate": 0.125
  },
  "2": {
    "precision": 0.0967741935483871,
    "recall": 0.1935483870967742,
    "ndcg": 0.16824921697868864,
    "map": 0.1592741935483871,
    "hit_rate": 0.1935483870967742
  },
  "3": {
    "precision": 0.08467741935483869,
    "recall": 0.2540322580645161,
    "ndcg": 0.1984911524625596,
    "map": 0.17943548387096775,
    "hit_rate": 0.2540322580645161
  },
  "4": {
    "precision": 0.07762096774193548,
    "recall": 0.31048387096774194,
    "ndcg": 0.2228035388054124,
    "map": 0.1935483870967742,
    "hit_rate": 0.31048387096774194
  },
  "5": {
    "precision": 0.07016129032258064,
    "recall": 0.35080645161290325,
    "ndcg": 0.23840244232293428,
    "map": 0.20161290322580644,
    "hit_rate": 0.35080645161290325
  },
  "6": {
    "precision": 0.059139784946236555,
    "recall": 0.3548387096774194,
    "ndcg": 0.23983876162578918,
    "map": 0.20228494623655913,
    "hit_rate": 0.3548387096774194
  },
  "7": {
    "precision": 0.05126728110599078,
    "recall": 0.3588709677419355,
    "ndcg": 0.24118284764729458,
    "map": 0.20286098310291859,
    "hit_rate": 0.3588709677419355
  },
  "8": {
    "precision": 0.047379032258064516,
    "recall": 0.3790322580645161,
    "ndcg": 0.24754302661474878,
    "map": 0.20538114439324118,
    "hit_rate": 0.3790322580645161
  },
  "9": {
    "precision": 0.045698924731182804,
    "recall": 0.4112903225806452,
    "ndcg": 0.2572536716361675,
    "map": 0.20896537378392216,
    "hit_rate": 0.4112903225806452
  },
  "10": {
    "precision": 0.041532258064516124,
    "recall": 0.4153225806451613,
    "ndcg": 0.25841925561325574,
    "map": 0.20936859959037377,
    "hit_rate": 0.4153225806451613
  },
  "11": {
    "precision": 0.03958944281524927,
    "recall": 0.43548387096774194,
    "ndcg": 0.264043105323964,
    "map": 0.21120144416515385,
    "hit_rate": 0.43548387096774194
  },
  "12": {
    "precision": 0.036962365591397844,
    "recall": 0.4435483870967742,
    "ndcg": 0.26622244527902306,
    "map": 0.21187348717590654,
    "hit_rate": 0.4435483870967742
  },
  "13": {
    "precision": 0.03504962779156327,
    "recall": 0.45564516129032256,
    "ndcg": 0.26939965739640853,
    "map": 0.21280400826771798,
    "hit_rate": 0.45564516129032256
  },
  "14": {
    "precision": 0.03341013824884792,
    "recall": 0.46774193548387094,
    "ndcg": 0.2724959238255595,
    "map": 0.21366806356725712,
    "hit_rate": 0.46774193548387094
  },
  "15": {
    "precision": 0.03198924731182796,
    "recall": 0.4798387096774194,
    "ndcg": 0.2755201173739466,
    "map": 0.21447451518016034,
    "hit_rate": 0.4798387096774194
  },
  "16": {
    "precision": 0.02998991935483871,
    "recall": 0.4798387096774194,
    "ndcg": 0.2755201173739466,
    "map": 0.21447451518016034,
    "hit_rate": 0.4798387096774194
  },
  "17": {
    "precision": 0.02870018975332068,
    "recall": 0.4879032258064516,
    "ndcg": 0.2774540888785283,
    "map": 0.21494889848186813,
    "hit_rate": 0.4879032258064516
  },
  "18": {
    "precision": 0.027777777777777783,
    "recall": 0.5,
    "ndcg": 0.2803017773466731,
    "map": 0.21562094149262082,
    "hit_rate": 0.5
  },
  "19": {
    "precision": 0.026740237691001697,
    "recall": 0.5080645161290323,
    "ndcg": 0.2821677306786066,
    "map": 0.2160453897099383,
    "hit_rate": 0.5080645161290323
  },
  "20": {
    "precision": 0.025806451612903222,
    "recall": 0.5161290322580645,
    "ndcg": 0.28400378107132396,
    "map": 0.21644861551638991,
    "hit_rate": 0.5161290322580645
  },
  "21": {
    "precision": 0.024769585253456218,
    "recall": 0.5201612903225806,
    "ndcg": 0.28490799003994327,
    "map": 0.2166406278051764,
    "hit_rate": 0.5201612903225806
  },
  "22": {
    "precision": 0.02419354838709678,
    "recall": 0.532258064516129,
    "ndcg": 0.28758216015434857,
    "map": 0.2171904811776104,
    "hit_rate": 0.532258064516129
  },
  "23": {
    "precision": 0.023667601683029456,
    "recall": 0.5443548387096774,
    "ndcg": 0.29022051852514125,
    "map": 0.21771642788167772,
    "hit_rate": 0.5443548387096774
  },
  "24": {
    "precision": 0.022849462365591395,
    "recall": 0.5483870967741935,
    "ndcg": 0.291088818037386,
    "map": 0.2178844386343659,
    "hit_rate": 0.5483870967741935
  },
  "25": {
    "precision": 0.022096774193548385,
    "recall": 0.5524193548387096,
    "ndcg": 0.29194666502752054,
    "map": 0.21804572895694657,
    "hit_rate": 0.5524193548387096
  },
  "26": {
    "precision": 0.021246898263027295,
    "recall": 0.5524193548387096,
    "ndcg": 0.29194666502752054,
    "map": 0.21804572895694657,
    "hit_rate": 0.5524193548387096
  },
  "27": {
    "precision": 0.021057347670250897,
    "recall": 0.5685483870967742,
    "ndcg": 0.29530173918359326,
    "map": 0.21864310052206004,
    "hit_rate": 0.5685483870967742
  },
  "28": {
    "precision": 0.020449308755760363,
    "recall": 0.5725806451612904,
    "ndcg": 0.2961317667338369,
    "map": 0.21878710973864993,
    "hit_rate": 0.5725806451612904
  },
  "29": {
    "precision": 0.019883203559510572,
    "recall": 0.5766129032258065,
    "ndcg": 0.2969535209559761,
    "map": 0.21892615312018496,
    "hit_rate": 0.5766129032258065
  },
  "30": {
    "precision": 0.01935483870967742,
    "recall": 0.5806451612903226,
    "ndcg": 0.29776742856316196,
    "map": 0.21906056172233548,
    "hit_rate": 0.5806451612903226
  }
}