{
  "1": {
    "precision": 0.06854838709677419,
    "recall": 0.06854838709677419,
    "ndcg": 0.06854838709677419,
    "map": 0.06854838709677419,
    "hit_rate": 0.06854838709677419,
    "num_evaluated": 248
  },
  "2": {
    "precision": 0.07862903225806452,
    "recall": 0.15725806451612903,
    "ndcg": 0.12451796201037124,
    "map": 0.11290322580645161,
    "hit_rate": 0.15725806451612903,
    "num_evaluated": 248
  },
  "3": {
    "precision": 0.06720430107526881,
    "recall": 0.20161290322580644,
    "ndcg": 0.14669538136520996,
    "map": 0.12768817204301075,
    "hit_rate": 0.20161290322580644,
    "num_evaluated": 248
  },
  "4": {
    "precision": 0.07862903225806452,
    "recall": 0.31451612903225806,
    "ndcg": 0.1953201540509156,
    "map": 0.15591397849462366,
    "hit_rate": 0.31451612903225806,
    "num_evaluated": 248
  },
  "5": {
    "precision": 0.06290322580645161,
    "recall": 0.31451612903225806,
    "ndcg": 0.1953201540509156,
    "map": 0.15591397849462366,
    "hit_rate": 0.31451612903225806,
    "num_evaluated": 248
  },
  "6": {
    "precision": 0.05443548387096774,
    "recall": 0.32661290322580644,
    "ndcg": 0.1996291119594804,
    "map": 0.15793010752688175,
    "hit_rate": 0.32661290322580644,
    "num_evaluated": 248
  },
  "7": {
    "precision": 0.05011520737327188,
    "recall": 0.35080645161290325,
    "ndcg": 0.20769362808851263,
    "map": 0.1613863287250384,
    "hit_rate": 0.35080645161290325,
    "num_evaluated": 248
  },
  "8": {
    "precision": 0.04485887096774194,
    "recall": 0.3588709677419355,
    "ndcg": 0.21023769967549436,
    "map": 0.16239439324116745,
    "hit_rate": 0.3588709677419355,
    "num_evaluated": 248
  },
  "9": {
    "precision": 0.0421146953405018,
    "recall": 0.3790322580645161,
    "ndcg": 0.21630685281388107,
    "map": 0.16463453661034305,
    "hit_rate": 0.3790322580645161,
    "num_evaluated": 248
  },
  "10": {
    "precision": 0.038306451612903226,
    "recall": 0.38306451612903225,
    "ndcg": 0.2174724367909693,
    "map": 0.1650377624167947,
    "hit_rate": 0.38306451612903225,
    "num_evaluated": 248
  },
  "11": {
    "precision": 0.03592375366568915,
    "recall": 0.3951612903225806,
    "ndcg": 0.22084674661739426,
    "map": 0.1661374691616627,
    "hit_rate": 0.3951612903225806,
    "num_evaluated": 248
  },
  "12": {
    "precision": 0.033602150537634407,
    "recall": 0.4032258064516129,
    "ndcg": 0.22302608657245332,
    "map": 0.1668095121724154,
    "hit_rate": 0.4032258064516129,
    "num_evaluated": 248
  },
  "13": {
    "precision": 0.03163771712158809,
    "recall": 0.4112903225806452,
    "ndcg": 0.22514422798404357,
    "map": 0.16742985956695633,
    "hit_rate": 0.4112903225806452,
    "num_evaluated": 248
  },
  "14": {
    "precision": 0.03024193548387096,
    "recall": 0.42338709677419356,
    "ndcg": 0.22824049441319455,
    "map": 0.16829391486649553,
    "hit_rate": 0.42338709677419356,
    "num_evaluated": 248
  },
  "15": {
    "precision": 0.030913978494623653,
    "recall": 0.4637096774193548,
    "ndcg": 0.2383211395744849,
    "map": 0.17098208690950628,
    "hit_rate": 0.4637096774193548,
    "num_evaluated": 248
  },
  "16": {
    "precision": 0.028981854838709676,
    "recall": 0.4637096774193548,
    "ndcg": 0.2383211395744849,
    "map": 0.17098208690950628,
    "hit_rate": 0.4637096774193548,
    "num_evaluated": 248
  },
  "17": {
    "precision": 0.027277039848197345,
    "recall": 0.4637096774193548,
    "ndcg": 0.2383211395744849,
    "map": 0.17098208690950628,
    "hit_rate": 0.4637096774193548,
    "num_evaluated": 248
  },
  "18": {
    "precision": 0.025985663082437282,
    "recall": 0.46774193548387094,
    "ndcg": 0.2392703690638665,
    "map": 0.1712061012464238,
    "hit_rate": 0.46774193548387094,
    "num_evaluated": 248
  },
  "19": {
    "precision": 0.024617996604414258,
    "recall": 0.46774193548387094,
    "ndcg": 0.2392703690638665,
    "map": 0.1712061012464238,
    "hit_rate": 0.46774193548387094,
    "num_evaluated": 248
  },
  "20": {
    "precision": 0.023387096774193546,
    "recall": 0.46774193548387094,
    "ndcg": 0.2392703690638665,
    "map": 0.1712061012464238,
    "hit_rate": 0.46774193548387094,
    "num_evaluated": 248
  },
  "21": {
    "precision": 0.02227342549923195,
    "recall": 0.46774193548387094,
    "ndcg": 0.2392703690638665,
    "map": 0.1712061012464238,
    "hit_rate": 0.46774193548387094,
    "num_evaluated": 248
  },
  "22": {
    "precision": 0.021810850439882703,
    "recall": 0.4798387096774194,
    "ndcg": 0.2419445391782718,
    "map": 0.17175595461885784,
    "hit_rate": 0.4798387096774194,
    "num_evaluated": 248
  },
  "23": {
    "precision": 0.021037868162692847,
    "recall": 0.4838709677419355,
    "ndcg": 0.24282399196853602,
    "map": 0.1719312701868803,
    "hit_rate": 0.4838709677419355,
    "num_evaluated": 248
  },
  "24": {
    "precision": 0.020161290322580645,
    "recall": 0.4838709677419355,
    "ndcg": 0.24282399196853602,
    "map": 0.1719312701868803,
    "hit_rate": 0.4838709677419355,
    "num_evaluated": 248
  },
  "25": {
    "precision": 0.019516129032258064,
    "recall": 0.4879032258064516,
    "ndcg": 0.24368183895867054,
    "map": 0.17209256050946095,
    "hit_rate": 0.4879032258064516,
    "num_evaluated": 248
  },
  "26": {
    "precision": 0.01892059553349876,
    "recall": 0.49193548387096775,
    "ndcg": 0.24452986282099778,
    "map": 0.17224764735809617,
    "hit_rate": 0.49193548387096775,
    "num_evaluated": 248
  },
  "27": {
    "precision": 0.018369175627240143,
    "recall": 0.4959677419354839,
    "ndcg": 0.24536863136001597,
    "map": 0.17239699024937455,
    "hit_rate": 0.4959677419354839,
    "num_evaluated": 248
  },
  "28": {
    "precision": 0.017857142857142853,
    "recall": 0.5,
    "ndcg": 0.24619865891025966,
    "map": 0.17254099946596443,
    "hit_rate": 0.5,
    "num_evaluated": 248
  },
  "29": {
    "precision": 0.01724137931034483,
    "recall": 0.5,
    "ndcg": 0.24619865891025966,
    "map": 0.17254099946596443,
    "hit_rate": 0.5,
    "num_evaluated": 248
  },
  "30": {
    "precision": 0.016666666666666666,
    "recall": 0.5,
    "ndcg": 0.24619865891025966,
    "map": 0.17254099946596443,
    "hit_rate": 0.5,
    "num_evaluated": 248
  }
}