{
  "1": {
    "recall": 0.07857142857142857,
    "precision": 0.07857142857142857,
    "ndcg": 0.07857142857142857,
    "map": 0.07857142857142857
  },
  "2": {
    "recall": 0.14285714285714285,
    "precision": 0.07232142857142858,
    "ndcg": 0.11913119844387943,
    "map": 0.11071428571428571
  },
  "3": {
    "recall": 0.18035714285714285,
    "precision": 0.06160714285714286,
    "ndcg": 0.13788119844387942,
    "map": 0.12321428571428572
  },
  "4": {
    "recall": 0.2125,
    "precision": 0.054910714285714285,
    "ndcg": 0.1517243735248099,
    "map": 0.13125
  },
  "5": {
    "recall": 0.2642857142857143,
    "precision": 0.05500000000000001,
    "ndcg": 0.1717578224708844,
    "map": 0.14160714285714285
  },
  "6": {
    "recall": 0.30357142857142855,
    "precision": 0.052976190476190475,
    "ndcg": 0.18575167625012812,
    "map": 0.1481547619047619
  },
  "7": {
    "recall": 0.31785714285714284,
    "precision": 0.04804421768707482,
    "ndcg": 0.19051358101203286,
    "map": 0.1501955782312925
  },
  "8": {
    "recall": 0.3339285714285714,
    "precision": 0.04460034013605442,
    "ndcg": 0.1955835522460892,
    "map": 0.15220450680272107
  },
  "9": {
    "recall": 0.3464285714285714,
    "precision": 0.041549744897959186,
    "ndcg": 0.19934642719188897,
    "map": 0.15359339569160996
  },
  "10": {
    "recall": 0.3625,
    "precision": 0.039506094104308394,
    "ndcg": 0.20399211190056935,
    "map": 0.15520053854875282
  },
  "11": {
    "recall": 0.375,
    "precision": 0.037525574623788915,
    "ndcg": 0.20747889872120848,
    "map": 0.15633690218511648
  },
  "12": {
    "recall": 0.37857142857142856,
    "precision": 0.03514462224283653,
    "ndcg": 0.20844403498702033,
    "map": 0.15663452123273552
  },
  "13": {
    "recall": 0.3875,
    "precision": 0.033564951913166205,
    "ndcg": 0.21078912012128095,
    "map": 0.1573213344195487
  },
  "14": {
    "recall": 0.39464285714285713,
    "precision": 0.03209320936999508,
    "ndcg": 0.21261739172706537,
    "map": 0.15783153850118137
  },
  "15": {
    "recall": 0.3982142857142857,
    "precision": 0.03057960392781821,
    "ndcg": 0.2135102488699225,
    "map": 0.15806963373927657
  },
  "16": {
    "recall": 0.4017857142857143,
    "precision": 0.029270080118294402,
    "ndcg": 0.21438400080605902,
    "map": 0.15829284802499086
  },
  "17": {
    "recall": 0.40714285714285714,
    "precision": 0.028219659950227176,
    "ndcg": 0.2156687104483883,
    "map": 0.15860797407541105
  },
  "18": {
    "recall": 0.4107142857142857,
    "precision": 0.027186746784961073,
    "ndcg": 0.21650945656755488,
    "map": 0.15880638677382375
  },
  "19": {
    "recall": 0.41964285714285715,
    "precision": 0.026544516208519966,
    "ndcg": 0.21857533347076702,
    "map": 0.1592763115858538
  },
  "20": {
    "recall": 0.425,
    "precision": 0.025792636509271848,
    "ndcg": 0.21979499551735782,
    "map": 0.15954416872871094
  },
  "21": {
    "recall": 0.42678571428571427,
    "precision": 0.024942296373217425,
    "ndcg": 0.22019543091774635,
    "map": 0.15962920274231643
  },
  "22": {
    "recall": 0.4303571428571429,
    "precision": 0.024250428717064055,
    "ndcg": 0.22098494780866598,
    "map": 0.1597915404046541
  },
  "23": {
    "recall": 0.45,
    "precision": 0.024317481229768744,
    "ndcg": 0.2252691392583818,
    "map": 0.16064557767173482
  },
  "24": {
    "recall": 0.45714285714285713,
    "precision": 0.02386134768939607,
    "ndcg": 0.22680726982292965,
    "map": 0.16094319671935386
  },
  "25": {
    "recall": 0.4589285714285714,
    "precision": 0.023233371498919884,
    "ndcg": 0.2271871734899892,
    "map": 0.16101462529078242
  },
  "26": {
    "recall": 0.4589285714285714,
    "precision": 0.022587767103315486,
    "ndcg": 0.2271871734899892,
    "map": 0.16101462529078242
  },
  "27": {
    "recall": 0.4625,
    "precision": 0.02212226038780877,
    "ndcg": 0.2279300827674053,
    "map": 0.16114690042305757
  },
  "28": {
    "recall": 0.46964285714285714,
    "precision": 0.02181755517238927,
    "ndcg": 0.22940041728497984,
    "map": 0.16140200246387387
  },
  "29": {
    "recall": 0.4732142857142857,
    "precision": 0.021412910555921996,
    "ndcg": 0.23012825673887452,
    "map": 0.1615251551732335
  },
  "30": {
    "recall": 0.4785714285714286,
    "precision": 0.021096818601899003,
    "ndcg": 0.23120959113127862,
    "map": 0.16170372660180493
  }
}