{
  "algorithm": "Content-Based Recommendation",
  "timestamp": "20250925_184235",
  "results": {
    "1": {
      "recall": 0.0,
      "precision": 0.0,
      "ndcg": 0.0,
      "map": 0.0
    },
    "2": {
      "recall": 0.0035714285714285713,
      "precision": 0.0017857142857142857,
      "ndcg": 0.0022533205484694912,
      "map": 0.0017857142857142857
    },
    "3": {
      "recall": 0.0035714285714285713,
      "precision": 0.0011904761904761904,
      "ndcg": 0.0022533205484694912,
      "map": 0.0017857142857142857
    },
    "4": {
      "recall": 0.0035714285714285713,
      "precision": 0.0008928571428571428,
      "ndcg": 0.0022533205484694912,
      "map": 0.0017857142857142857
    },
    "5": {
      "recall": 0.0125,
      "precision": 0.0025,
      "ndcg": 0.005707363470206471,
      "map": 0.0035714285714285713
    },
    "6": {
      "recall": 0.014285714285714285,
      "precision": 0.0023809523809523807,
      "ndcg": 0.006343447732899367,
      "map": 0.0038690476190476187
    },
    "7": {
      "recall": 0.014285714285714285,
      "precision": 0.002040816326530612,
      "ndcg": 0.006343447732899367,
      "map": 0.0038690476190476187
    },
    "8": {
      "recall": 0.019642857142857142,
      "precision": 0.002455357142857143,
      "ndcg": 0.008033438144251484,
      "map": 0.004538690476190476
    },
    "9": {
      "recall": 0.02142857142857143,
      "precision": 0.0023809523809523807,
      "ndcg": 0.008570991707937166,
      "map": 0.004737103174603174
    },
    "10": {
      "recall": 0.023214285714285715,
      "precision": 0.002321428571428571,
      "ndcg": 0.009087178897790538,
      "map": 0.004915674603174603
    },
    "11": {
      "recall": 0.023214285714285715,
      "precision": 0.0021103896103896102,
      "ndcg": 0.009087178897790538,
      "map": 0.004915674603174603
    },
    "12": {
      "recall": 0.025,
      "precision": 0.002083333333333333,
      "ndcg": 0.009569747030696466,
      "map": 0.0050644841269841265
    },
    "13": {
      "recall": 0.02857142857142857,
      "precision": 0.002197802197802198,
      "ndcg": 0.010507781084400728,
      "map": 0.005339209401709402
    },
    "14": {
      "recall": 0.033928571428571426,
      "precision": 0.0024234693877551016,
      "ndcg": 0.011878984788739028,
      "map": 0.005721862462933891
    },
    "15": {
      "recall": 0.033928571428571426,
      "precision": 0.0022619047619047623,
      "ndcg": 0.011878984788739028,
      "map": 0.005721862462933891
    },
    "16": {
      "recall": 0.033928571428571426,
      "precision": 0.002120535714285714,
      "ndcg": 0.011878984788739028,
      "map": 0.005721862462933891
    },
    "17": {
      "recall": 0.033928571428571426,
      "precision": 0.001995798319327731,
      "ndcg": 0.011878984788739028,
      "map": 0.005721862462933891
    },
    "18": {
      "recall": 0.033928571428571426,
      "precision": 0.001884920634920635,
      "ndcg": 0.011878984788739028,
      "map": 0.005721862462933891
    },
    "19": {
      "recall": 0.03571428571428571,
      "precision": 0.0018796992481203006,
      "ndcg": 0.012292160169381453,
      "map": 0.0058158474253399055
    },
    "20": {
      "recall": 0.0375,
      "precision": 0.0018749999999999997,
      "ndcg": 0.012698714184911725,
      "map": 0.005905133139625621
    },
    "21": {
      "recall": 0.0375,
      "precision": 0.0017857142857142857,
      "ndcg": 0.012698714184911725,
      "map": 0.005905133139625621
    },
    "22": {
      "recall": 0.039285714285714285,
      "precision": 0.0017857142857142857,
      "ndcg": 0.013093472630371555,
      "map": 0.005986301970794451
    },
    "23": {
      "recall": 0.039285714285714285,
      "precision": 0.0017080745341614908,
      "ndcg": 0.013093472630371555,
      "map": 0.005986301970794451
    },
    "24": {
      "recall": 0.039285714285714285,
      "precision": 0.001636904761904762,
      "ndcg": 0.013093472630371555,
      "map": 0.005986301970794451
    },
    "25": {
      "recall": 0.04107142857142857,
      "precision": 0.0016428571428571432,
      "ndcg": 0.01347337629743113,
      "map": 0.006057730542223023
    },
    "26": {
      "recall": 0.04107142857142857,
      "precision": 0.00157967032967033,
      "ndcg": 0.01347337629743113,
      "map": 0.006057730542223023
    },
    "27": {
      "recall": 0.04107142857142857,
      "precision": 0.0015211640211640213,
      "ndcg": 0.01347337629743113,
      "map": 0.006057730542223023
    },
    "28": {
      "recall": 0.04107142857142857,
      "precision": 0.0014668367346938774,
      "ndcg": 0.01347337629743113,
      "map": 0.006057730542223023
    },
    "29": {
      "recall": 0.075,
      "precision": 0.002586206896551724,
      "ndcg": 0.020387851109430446,
      "map": 0.00722768128113928
    },
    "30": {
      "recall": 0.075,
      "precision": 0.0025,
      "ndcg": 0.020387851109430446,
      "map": 0.00722768128113928
    }
  },
  "summary": {
    "avg_recall@10": 0.023214285714285715,
    "avg_precision@10": 0.002321428571428571,
    "avg_ndcg@10": 0.009087178897790538,
    "avg_map@10": 0.004915674603174603
  }
}