{
  "1": {
    "hit": 0.1532258064516129,
    "mrr": 0.1532258064516129,
    "ndcg": 0.1532258064516129,
    "precision": 0.1532258064516129,
    "recall": 0.1532258064516129
  },
  "2": {
    "hit": 0.20967741935483872,
    "mrr": 0.1814516129032258,
    "ndcg": 0.1888428086693565,
    "precision": 0.10483870967741936,
    "recall": 0.20967741935483872
  },
  "3": {
    "hit": 0.23790322580645162,
    "mrr": 0.1908602150537634,
    "ndcg": 0.20295571189516293,
    "precision": 0.07930107526881719,
    "recall": 0.23790322580645162
  },
  "4": {
    "hit": 0.3064516129032258,
    "mrr": 0.20799731182795697,
    "ndcg": 0.23247789531148422,
    "precision": 0.07661290322580645,
    "recall": 0.3064516129032258
  },
  "5": {
    "hit": 0.3467741935483871,
    "mrr": 0.21606182795698922,
    "ndcg": 0.24807679882900607,
    "precision": 0.06935483870967743,
    "recall": 0.3467741935483871
  },
  "6": {
    "hit": 0.38306451612903225,
    "mrr": 0.22211021505376344,
    "ndcg": 0.2610036725547004,
    "precision": 0.06384408602150538,
    "recall": 0.38306451612903225
  },
  "7": {
    "hit": 0.39919354838709675,
    "mrr": 0.22441436251920124,
    "ndcg": 0.2663800166407219,
    "precision": 0.057027649769585236,
    "recall": 0.39919354838709675
  },
  "8": {
    "hit": 0.41935483870967744,
    "mrr": 0.2269345238095238,
    "ndcg": 0.2727401956081761,
    "precision": 0.05241935483870968,
    "recall": 0.41935483870967744
  },
  "9": {
    "hit": 0.42338709677419356,
    "mrr": 0.22738255248335892,
    "ndcg": 0.27395402623585347,
    "precision": 0.04704301075268818,
    "recall": 0.42338709677419356
  },
  "10": {
    "hit": 0.4274193548387097,
    "mrr": 0.22778577828981056,
    "ndcg": 0.27511961021294173,
    "precision": 0.042741935483870966,
    "recall": 0.4274193548387097
  },
  "11": {
    "hit": 0.43548387096774194,
    "mrr": 0.22851891611972258,
    "ndcg": 0.27736915009722507,
    "precision": 0.03958944281524927,
    "recall": 0.43548387096774194
  },
  "12": {
    "hit": 0.4435483870967742,
    "mrr": 0.22919095913047527,
    "ndcg": 0.27954849005228405,
    "precision": 0.036962365591397844,
    "recall": 0.4435483870967742
  },
  "13": {
    "hit": 0.4475806451612903,
    "mrr": 0.22950113282774576,
    "ndcg": 0.2806075607580792,
    "precision": 0.03442928039702233,
    "recall": 0.4475806451612903
  },
  "14": {
    "hit": 0.45564516129032256,
    "mrr": 0.2300771696941052,
    "ndcg": 0.28267173837751314,
    "precision": 0.03254608294930875,
    "recall": 0.45564516129032256
  },
  "15": {
    "hit": 0.4637096774193548,
    "mrr": 0.23061480410270735,
    "ndcg": 0.2846878674097712,
    "precision": 0.030913978494623653,
    "recall": 0.4637096774193548
  },
  "16": {
    "hit": 0.47580645161290325,
    "mrr": 0.23137085248980413,
    "ndcg": 0.28764734977410467,
    "precision": 0.029737903225806453,
    "recall": 0.47580645161290325
  },
  "17": {
    "hit": 0.4798387096774194,
    "mrr": 0.23160804414065797,
    "ndcg": 0.2886143355263955,
    "precision": 0.028225806451612902,
    "recall": 0.4798387096774194
  },
  "18": {
    "hit": 0.4838709677419355,
    "mrr": 0.23183205847757554,
    "ndcg": 0.2895635650157771,
    "precision": 0.02688172043010753,
    "recall": 0.4838709677419355
  },
  "19": {
    "hit": 0.4959677419354839,
    "mrr": 0.2324687308035518,
    "ndcg": 0.2923624950136774,
    "precision": 0.026103565365025463,
    "recall": 0.4959677419354839
  },
  "20": {
    "hit": 0.5040322580645161,
    "mrr": 0.2328719566100034,
    "ndcg": 0.2941985454063948,
    "precision": 0.025201612903225805,
    "recall": 0.5040322580645161
  },
  "21": {
    "hit": 0.5080645161290323,
    "mrr": 0.23306396889878989,
    "ndcg": 0.29510275437501404,
    "precision": 0.024193548387096774,
    "recall": 0.5080645161290323
  },
  "22": {
    "hit": 0.5080645161290323,
    "mrr": 0.23306396889878989,
    "ndcg": 0.29510275437501404,
    "precision": 0.023093841642228743,
    "recall": 0.5080645161290323
  },
  "23": {
    "hit": 0.5161290322580645,
    "mrr": 0.2334146000348348,
    "ndcg": 0.2968616599555425,
    "precision": 0.02244039270687237,
    "recall": 0.5161290322580645
  },
  "24": {
    "hit": 0.5241935483870968,
    "mrr": 0.23375062154021112,
    "ndcg": 0.298598258980032,
    "precision": 0.021841397849462367,
    "recall": 0.5241935483870968
  },
  "25": {
    "hit": 0.5282258064516129,
    "mrr": 0.23391191186279175,
    "ndcg": 0.29945610597016653,
    "precision": 0.021129032258064517,
    "recall": 0.5282258064516129
  },
  "26": {
    "hit": 0.5362903225806451,
    "mrr": 0.23422208556006222,
    "ndcg": 0.301152153694821,
    "precision": 0.02062655086848635,
    "recall": 0.5362903225806451
  },
  "27": {
    "hit": 0.5403225806451613,
    "mrr": 0.2343714284513406,
    "ndcg": 0.3019909222338392,
    "precision": 0.02001194743130227,
    "recall": 0.5403225806451613
  },
  "28": {
    "hit": 0.5443548387096774,
    "mrr": 0.23451543766793045,
    "ndcg": 0.30282094978408286,
    "precision": 0.01944124423963133,
    "recall": 0.5443548387096774
  },
  "29": {
    "hit": 0.5524193548387096,
    "mrr": 0.23479352443100054,
    "ndcg": 0.30446445822836116,
    "precision": 0.01904894327030034,
    "recall": 0.5524193548387096
  },
  "30": {
    "hit": 0.5524193548387096,
    "mrr": 0.23479352443100054,
    "ndcg": 0.30446445822836116,
    "precision": 0.018413978494623656,
    "recall": 0.5524193548387096
  }
}