{
  "1": {
    "recall": 0.0017857142857142857,
    "precision": 0.0017857142857142857,
    "ndcg": 0.0017857142857142857,
    "map": 0.0017857142857142857
  },
  "2": {
    "recall": 0.008928571428571428,
    "precision": 0.004464285714285714,
    "ndcg": 0.006292355382653268,
    "map": 0.005357142857142857
  },
  "3": {
    "recall": 0.010714285714285714,
    "precision": 0.0035714285714285713,
    "ndcg": 0.007185212525510411,
    "map": 0.005952380952380952
  },
  "4": {
    "recall": 0.014285714285714285,
    "precision": 0.0035714285714285713,
    "ndcg": 0.008723343090058244,
    "map": 0.006845238095238094
  },
  "5": {
    "recall": 0.01607142857142857,
    "precision": 0.0032142857142857142,
    "ndcg": 0.00941415167440564,
    "map": 0.007202380952380952
  },
  "6": {
    "recall": 0.017857142857142856,
    "precision": 0.002976190476190476,
    "ndcg": 0.010050235937098535,
    "map": 0.007500000000000001
  },
  "7": {
    "recall": 0.017857142857142856,
    "precision": 0.002551020408163265,
    "ndcg": 0.010050235937098535,
    "map": 0.007500000000000001
  },
  "8": {
    "recall": 0.017857142857142856,
    "precision": 0.002232142857142857,
    "ndcg": 0.010050235937098535,
    "map": 0.007500000000000001
  },
  "9": {
    "recall": 0.017857142857142856,
    "precision": 0.001984126984126984,
    "ndcg": 0.010050235937098535,
    "map": 0.007500000000000001
  },
  "10": {
    "recall": 0.023214285714285715,
    "precision": 0.002321428571428572,
    "ndcg": 0.011598797506658648,
    "map": 0.008035714285714285
  },
  "11": {
    "recall": 0.025,
    "precision": 0.0022727272727272726,
    "ndcg": 0.012096909909607096,
    "map": 0.008198051948051947
  },
  "12": {
    "recall": 0.026785714285714284,
    "precision": 0.002232142857142857,
    "ndcg": 0.012579478042513024,
    "map": 0.00834686147186147
  },
  "13": {
    "recall": 0.02857142857142857,
    "precision": 0.002197802197802198,
    "ndcg": 0.013048495069365156,
    "map": 0.00848422410922411
  },
  "14": {
    "recall": 0.030357142857142857,
    "precision": 0.0021683673469387755,
    "ndcg": 0.013505562970811253,
    "map": 0.008611775129632272
  },
  "15": {
    "recall": 0.030357142857142857,
    "precision": 0.0020238095238095236,
    "ndcg": 0.013505562970811253,
    "map": 0.008611775129632272
  },
  "16": {
    "recall": 0.033928571428571426,
    "precision": 0.002120535714285714,
    "ndcg": 0.014379314906947775,
    "map": 0.008834989415346559
  },
  "17": {
    "recall": 0.03571428571428571,
    "precision": 0.0021008403361344533,
    "ndcg": 0.014807551454390867,
    "map": 0.008940031432153281
  },
  "18": {
    "recall": 0.03571428571428571,
    "precision": 0.001984126984126984,
    "ndcg": 0.014807551454390867,
    "map": 0.008940031432153281
  },
  "19": {
    "recall": 0.03571428571428571,
    "precision": 0.0018796992481203006,
    "ndcg": 0.014807551454390867,
    "map": 0.008940031432153281
  },
  "20": {
    "recall": 0.039285714285714285,
    "precision": 0.0019642857142857144,
    "ndcg": 0.015620659485451412,
    "map": 0.00911860286072471
  },
  "21": {
    "recall": 0.04107142857142857,
    "precision": 0.00195578231292517,
    "ndcg": 0.01602109488583994,
    "map": 0.009203636874330151
  },
  "22": {
    "recall": 0.04107142857142857,
    "precision": 0.0018668831168831169,
    "ndcg": 0.01602109488583994,
    "map": 0.009203636874330151
  },
  "23": {
    "recall": 0.04107142857142857,
    "precision": 0.0017857142857142857,
    "ndcg": 0.01602109488583994,
    "map": 0.009203636874330151
  },
  "24": {
    "recall": 0.044642857142857144,
    "precision": 0.0018601190476190473,
    "ndcg": 0.016790160168113855,
    "map": 0.009352446398139674
  },
  "25": {
    "recall": 0.048214285714285716,
    "precision": 0.0019285714285714288,
    "ndcg": 0.017549967502233012,
    "map": 0.009495303540996817
  },
  "26": {
    "recall": 0.048214285714285716,
    "precision": 0.0018543956043956045,
    "ndcg": 0.017549967502233012,
    "map": 0.009495303540996817
  },
  "27": {
    "recall": 0.048214285714285716,
    "precision": 0.0017857142857142857,
    "ndcg": 0.017549967502233012,
    "map": 0.009495303540996817
  },
  "28": {
    "recall": 0.048214285714285716,
    "precision": 0.001721938775510204,
    "ndcg": 0.017549967502233012,
    "map": 0.009495303540996817
  },
  "29": {
    "recall": 0.05178571428571429,
    "precision": 0.0017857142857142854,
    "ndcg": 0.018277806956127674,
    "map": 0.009618456250356424
  },
  "30": {
    "recall": 0.05357142857142857,
    "precision": 0.0017857142857142857,
    "ndcg": 0.01863825175359571,
    "map": 0.009677980059880234
  }
}