{
  "5": {
    "recall": 0.0125,
    "precision": 0.0025,
    "ndcg": 0.007518426117896977,
    "map": 0.0058630952380952376
  },
  "10": {
    "recall": 0.017857142857142856,
    "precision": 0.0017857142857142857,
    "ndcg": 0.006249825999667506,
    "map": 0.0029315476190476188
  },
  "15": {
    "recall": 0.019642857142857142,
    "precision": 0.0013095238095238097,
    "ndcg": 0.00942314399421133,
    "map": 0.006551761730333158
  },
  "20": {
    "recall": 0.033928571428571426,
    "precision": 0.0016964285714285714,
    "ndcg": 0.011063223770046315,
    "map": 0.004852729844851693
  }
}