{
  "top_1": {
    "recall": 0.048214285714285716,
    "precision": 0.048214285714285716,
    "ndcg": 0.048214285714285716,
    "map": 0.048214285714285716
  },
  "top_2": {
    "recall": 0.10357142857142858,
    "precision": 0.05178571428571429,
    "ndcg": 0.08314075421556283,
    "map": 0.07589285714285714
  },
  "top_3": {
    "recall": 0.14464285714285716,
    "precision": 0.048214285714285716,
    "ndcg": 0.10367646850127712,
    "map": 0.08958333333333333
  },
  "top_4": {
    "recall": 0.22857142857142856,
    "precision": 0.05714285714285714,
    "ndcg": 0.1398225367681512,
    "map": 0.11056547619047617
  },
  "top_5": {
    "recall": 0.22857142857142856,
    "precision": 0.045714285714285714,
    "ndcg": 0.1398225367681512,
    "map": 0.11056547619047617
  },
  "top_6": {
    "recall": 0.2357142857142857,
    "precision": 0.03928571428571428,
    "ndcg": 0.14236687381892277,
    "map": 0.11175595238095237
  },
  "top_7": {
    "recall": 0.25357142857142856,
    "precision": 0.03622448979591836,
    "ndcg": 0.14831925477130373,
    "map": 0.11430697278911564
  },
  "top_8": {
    "recall": 0.2625,
    "precision": 0.0328125,
    "ndcg": 0.1511359054568906,
    "map": 0.11542304421768707
  },
  "top_9": {
    "recall": 0.28035714285714286,
    "precision": 0.031150793650793648,
    "ndcg": 0.1565114410937474,
    "map": 0.11740717120181406
  },
  "top_10": {
    "recall": 0.2910714285714286,
    "precision": 0.029107142857142866,
    "ndcg": 0.15960856423286762,
    "map": 0.11847859977324263
  },
  "top_11": {
    "recall": 0.2982142857142857,
    "precision": 0.02711038961038961,
    "ndcg": 0.1616010138446614,
    "map": 0.11912795042259329
  },
  "top_12": {
    "recall": 0.30714285714285716,
    "precision": 0.025595238095238095,
    "ndcg": 0.16401385450919104,
    "map": 0.11987199804164089
  },
  "top_13": {
    "recall": 0.31785714285714284,
    "precision": 0.024450549450549454,
    "ndcg": 0.16682795667030384,
    "map": 0.12069617386581673
  },
  "top_14": {
    "recall": 0.3267857142857143,
    "precision": 0.023341836734693873,
    "ndcg": 0.16911329617753432,
    "map": 0.12133392896785752
  },
  "top_15": {
    "recall": 0.3625,
    "precision": 0.024166666666666666,
    "ndcg": 0.17804186760610574,
    "map": 0.12371488134880992
  },
  "top_16": {
    "recall": 0.36607142857142855,
    "precision": 0.022879464285714284,
    "ndcg": 0.17891561954224225,
    "map": 0.12393809563452421
  },
  "top_17": {
    "recall": 0.37142857142857144,
    "precision": 0.021848739495798318,
    "ndcg": 0.18020032918457154,
    "map": 0.12425322168494436
  },
  "top_18": {
    "recall": 0.3767857142857143,
    "precision": 0.02093253968253968,
    "ndcg": 0.1814614483633214,
    "map": 0.12455084073256342
  },
  "top_19": {
    "recall": 0.37857142857142856,
    "precision": 0.019924812030075185,
    "ndcg": 0.18187462374396382,
    "map": 0.12464482569496944
  },
  "top_20": {
    "recall": 0.38035714285714284,
    "precision": 0.019017857142857142,
    "ndcg": 0.1822811777594941,
    "map": 0.12473411140925515
  },
  "top_21": {
    "recall": 0.38035714285714284,
    "precision": 0.018112244897959182,
    "ndcg": 0.1822811777594941,
    "map": 0.12473411140925515
  },
  "top_22": {
    "recall": 0.3875,
    "precision": 0.017613636363636363,
    "ndcg": 0.18386021154133342,
    "map": 0.12505878673393048
  },
  "top_23": {
    "recall": 0.3892857142857143,
    "precision": 0.016925465838509315,
    "ndcg": 0.18424968349130758,
    "map": 0.1251364264854833
  },
  "top_24": {
    "recall": 0.39107142857142857,
    "precision": 0.016294642857142858,
    "ndcg": 0.18463421613244452,
    "map": 0.12521083124738802
  },
  "top_25": {
    "recall": 0.39285714285714285,
    "precision": 0.015714285714285715,
    "ndcg": 0.18501411979950413,
    "map": 0.1252822598188166
  },
  "top_26": {
    "recall": 0.39464285714285713,
    "precision": 0.015178571428571428,
    "ndcg": 0.18538967322424904,
    "map": 0.12535094113749792
  },
  "top_27": {
    "recall": 0.4,
    "precision": 0.014814814814814814,
    "ndcg": 0.1865040371403732,
    "map": 0.12554935383591062
  },
  "top_28": {
    "recall": 0.4035714285714286,
    "precision": 0.014413265306122448,
    "ndcg": 0.18723920439916045,
    "map": 0.12567690485631877
  },
  "top_29": {
    "recall": 0.4035714285714286,
    "precision": 0.013916256157635467,
    "ndcg": 0.18723920439916045,
    "map": 0.12567690485631877
  },
  "top_30": {
    "recall": 0.4035714285714286,
    "precision": 0.013452380952380952,
    "ndcg": 0.18723920439916045,
    "map": 0.12567690485631877
  }
}