{
  "1": {
    "NDCG": 0.012096774193548387,
    "Recall": 0.012096774193548387,
    "Precision": 0.012096774193548387,
    "MAP": 0.012096774193548387
  },
  "2": {
    "NDCG": 0.014640845780530072,
    "Recall": 0.016129032258064516,
    "Precision": 0.008064516129032258,
    "MAP": 0.014112903225806451
  },
  "3": {
    "NDCG": 0.014640845780530072,
    "Recall": 0.016129032258064516,
    "Precision": 0.005376344086021505,
    "MAP": 0.014112903225806451
  },
  "4": {
    "NDCG": 0.018114043829509048,
    "Recall": 0.024193548387096774,
    "Precision": 0.006048387096774193,
    "MAP": 0.016129032258064516
  },
  "5": {
    "NDCG": 0.01967393418126123,
    "Recall": 0.028225806451612902,
    "Precision": 0.005645161290322581,
    "MAP": 0.016935483870967744
  },
  "6": {
    "NDCG": 0.021110253484116156,
    "Recall": 0.03225806451612903,
    "Precision": 0.005376344086021505,
    "MAP": 0.01760752688172043
  },
  "7": {
    "NDCG": 0.021110253484116156,
    "Recall": 0.03225806451612903,
    "Precision": 0.004608294930875576,
    "MAP": 0.01760752688172043
  },
  "8": {
    "NDCG": 0.023654325071097843,
    "Recall": 0.04032258064516129,
    "Precision": 0.005040322580645161,
    "MAP": 0.018615591397849466
  },
  "9": {
    "NDCG": 0.024868155698775186,
    "Recall": 0.04435483870967742,
    "Precision": 0.0049283154121863805,
    "MAP": 0.01906362007168459
  },
  "10": {
    "NDCG": 0.024868155698775186,
    "Recall": 0.04435483870967742,
    "Precision": 0.004435483870967742,
    "MAP": 0.01906362007168459
  },
  "11": {
    "NDCG": 0.02599292564091684,
    "Recall": 0.04838709677419355,
    "Precision": 0.00439882697947214,
    "MAP": 0.019430188986640604
  },
  "12": {
    "NDCG": 0.02817226559597587,
    "Recall": 0.056451612903225805,
    "Precision": 0.0047043010752688165,
    "MAP": 0.020102231997393288
  },
  "13": {
    "NDCG": 0.02817226559597587,
    "Recall": 0.056451612903225805,
    "Precision": 0.004342431761786602,
    "MAP": 0.020102231997393288
  },
  "14": {
    "NDCG": 0.02817226559597587,
    "Recall": 0.056451612903225805,
    "Precision": 0.004032258064516129,
    "MAP": 0.020102231997393288
  },
  "15": {
    "NDCG": 0.029180330112104903,
    "Recall": 0.06048387096774194,
    "Precision": 0.004032258064516129,
    "MAP": 0.020371049201694365
  },
  "16": {
    "NDCG": 0.04101825956943842,
    "Recall": 0.10887096774193548,
    "Precision": 0.006804435483870968,
    "MAP": 0.02339524275008146
  },
  "17": {
    "NDCG": 0.04101825956943842,
    "Recall": 0.10887096774193548,
    "Precision": 0.006404174573055028,
    "MAP": 0.02339524275008146
  },
  "18": {
    "NDCG": 0.04101825956943842,
    "Recall": 0.10887096774193548,
    "Precision": 0.006048387096774193,
    "MAP": 0.02339524275008146
  },
  "19": {
    "NDCG": 0.04288421290137196,
    "Recall": 0.11693548387096774,
    "Precision": 0.0061544991511035645,
    "MAP": 0.02381969096739895
  },
  "20": {
    "NDCG": 0.043802238097730636,
    "Recall": 0.12096774193548387,
    "Precision": 0.006048387096774193,
    "MAP": 0.024021303870624754
  },
  "21": {
    "NDCG": 0.04561065603496915,
    "Recall": 0.12903225806451613,
    "Precision": 0.006144393241167435,
    "MAP": 0.02440532844819772
  },
  "22": {
    "NDCG": 0.04650204607310425,
    "Recall": 0.13306451612903225,
    "Precision": 0.006048387096774193,
    "MAP": 0.02458861290567572
  },
  "23": {
    "NDCG": 0.04826095165363273,
    "Recall": 0.14112903225806453,
    "Precision": 0.006136044880785414,
    "MAP": 0.024939244041720605
  },
  "24": {
    "NDCG": 0.05086585019036696,
    "Recall": 0.1532258064516129,
    "Precision": 0.006384408602150537,
    "MAP": 0.02544327629978512
  },
  "25": {
    "NDCG": 0.05258154417063602,
    "Recall": 0.16129032258064516,
    "Precision": 0.0064516129032258064,
    "MAP": 0.02576585694494641
  },
  "26": {
    "NDCG": 0.054277591895290474,
    "Recall": 0.1693548387096774,
    "Precision": 0.006513647642679901,
    "MAP": 0.02607603064221688
  },
  "27": {
    "NDCG": 0.054277591895290474,
    "Recall": 0.1693548387096774,
    "Precision": 0.006272401433691756,
    "MAP": 0.02607603064221688
  },
  "28": {
    "NDCG": 0.054277591895290474,
    "Recall": 0.1693548387096774,
    "Precision": 0.0060483870967741925,
    "MAP": 0.02607603064221688
  },
  "29": {
    "NDCG": 0.054277591895290474,
    "Recall": 0.1693548387096774,
    "Precision": 0.005839822024471635,
    "MAP": 0.02607603064221688
  },
  "30": {
    "NDCG": 0.054277591895290474,
    "Recall": 0.1693548387096774,
    "Precision": 0.005645161290322581,
    "MAP": 0.02607603064221688
  },
  "num_evaluated": 7440
}